,iter_id,dcn_pd_ate_pred,dcn_pd_att_pred,dcn_pd_bias_att,dcn_pd_atc_pred,dcn_pd_policy_value,dcn_pd_policy_risk,dcn_pd_err_fact,dcn_pd_02_ate_pred,dcn_pd_02_att_pred,dcn_pd_02_bias_att,dcn_pd_02_atc_pred,dcn_pd_02_policy_value,dcn_pd_02_policy_risk,dcn_pd_02_err_fact,dcn_pd_05_ate_pred,dcn_pd_05_att_pred,dcn_pd_05_bias_att,dcn_pd_05_atc_pred,dcn_pd_05_policy_value,dcn_pd_05_policy_risk,dcn_pd_05_err_fact,dcn_pm_gan_ate_pred,dcn_pm_gan_att_pred,dcn_pm_gan_bias_att,dcn_pm_gan_atc_pred,dcn_pm_gan_policy_value,dcn_pm_gan_policy_risk,dcn_pm_gan_err_fact,dcn_pm_gan_02_ate_pred,dcn_pm_gan_02_att_pred,dcn_pm_gan_02_bias_att,dcn_pm_gan_02_atc_pred,dcn_pm_gan_02_policy_value,dcn_pm_gan_02_policy_risk,dcn_pm_gan_02_err_fact,dcn_pm_gan_05_att_pred,dcn_pm_gan_05_bias_att,dcn_pm_gan_05_atc_pred,dcn_pm_gan_05_policy_value,dcn_pm_gan_05_policy_risk,dcn_pm_gan_05_err_fact,dcn_pm_gan_pd_att_pred,dcn_pm_gan_pd_bias_att,dcn_pm_gan_pd_atc_pred,dcn_pm_gan_pd_policy_value,dcn_pm_gan_pd_policy_risk,dcn_pm_gan_pd_err_fact
0,0,-0.0625,0.4166666666666667,0.3238095238095238,-0.40476190476190477,0.6969272976680384,0.3030727023319616,0.4236760124610592,0.013888888888888888,0.03333333333333333,0.05952380952380953,0.0,0.6587475633528265,0.34125243664717353,0.2834890965732087,-0.027777777777777776,0.23333333333333334,0.14047619047619048,-0.21428571428571427,0.6807309203142535,0.31926907968574647,0.5015576323987538,-0.006944444444444444,-0.016666666666666666,0.10952380952380952,0.0,0.6904761904761905,0.30952380952380953,0.4236760124610592,0.06944444444444445,-0.3,0.39285714285714285,0.3333333333333333,0.8091856060606061,0.19081439393939392,0.42834890965732086,-0.18333333333333332,0.2761904761904762,0.05952380952380952,0.6715167548500882,0.3284832451499118,0.397196261682243,-0.18333333333333332,0.2761904761904762,0.05952380952380952,0.6715167548500882,0.3284832451499118,0.397196261682243
