,iter_id,PEHE_DCN_PD,PEHE_DCN_PD_new,ATE_Metric_DCN_PD,true_ATE_DCN_PD,predicted_DCN_PD,PEHE_DCN_PD_02,PEHE_DCN_PD_02_new,ATE_Metric_DCN_PD_02,true_ATE_DCN_PD_02,predicted_DCN_PD_02,PEHE_DCN_PD_05,PEHE_DCN_PD_05_new,ATE_Metric_DCN_PD_05,true_ATE_DCN_PD_05,predicted_DCN_PD_05,PEHE_DCN_PM_GAN,PEHE_DCN_PM_GAN_new,ATE_Metric_DCN_PM_GAN,true_ATE_DCN_PM_GAN,predicted_DCN_PM_GAN,PEHE_DCN_PM_GAN_02,PEHE_DCN_PM_GAN_02_new,ATE_Metric_DCN_PM_GAN_02,true_ATE_DCN_PM_GAN_02,predicted_DCN_PM_GAN_02,PEHE_DCN_PM_GAN_05,PEHE_DCN_PM_GAN_05_new,ATE_Metric_DCN_PM_GAN_05,true_ATE_DCN_PM_GAN_05,predicted_DCN_PM_GAN_05,PEHE_DCN_PM_GAN_PD,PEHE_DCN_PM_GAN_PD_new,ATE_Metric_DCN_PM_GAN_PD,true_ATE_DCN_PM_GAN_PD,predicted_DCN_PM_GAN_PD,tarnet_PEHE,tarnet_PEHE_new,tarnet_ATE_metric,tarnet_true_ATE,tarnet_predicted_ATE,tarnet_pm_gan_PEHE,tarnet_pm_gan_PEHE_new,tarnet_pm_gan_ATE_metric,tarnet_pm_gan_true_ATE,tarnet_pm_gan_predicted_ATE
0,1,1.9653409316124264,2.6240871195065867,0.7048562802598699,3.8984283558800006,4.603284636338552,1.419562821235274,1.8201991708218475,0.2555847911312359,3.8984283558800006,3.6428435524304708,2.0255885635314725,2.474925369483972,0.061128066408056014,3.8984283558800006,3.83730029463768,1.3599391361385778,1.699720257895695,0.014050068828048268,3.8984283558800006,3.9124784088134765,1.6448657887117595,1.9865857725697011,0.1867960389727532,3.8984283558800006,3.7116323335965475,2.2539746422906135,2.739962542749222,0.4579765407516736,3.8984283558800006,3.4404518206914267,1.72538595166712,2.185527149608265,0.21275920433542916,3.8984283558800006,3.6856691630681357,1.344047458514221,1.6376437641122499,0.006011898544846073,3.8984283558800006,3.892416456540426,1.2815108117479856,1.5553507389725065,0.038785620503209106,3.8984283558800006,3.937213977177938
