,iter_id,PEHE_DCN_PD,ATE_Metric_DCN_PD,true_ATE_DCN_PD,predicted_DCN_PD,PEHE_DCN_PD_05,ATE_Metric_DCN_PD_05,true_ATE_DCN_PD_05,predicted_DCN_PD_05,PEHE_DCN_PM_GAN,ATE_Metric_DCN_PM_GAN,true_ATE_DCN_PM_GAN,predicted_DCN_PM_GAN,PEHE_DCN_PM_GAN_05,ATE_Metric_DCN_PM_GAN_05,true_ATE_DCN_PM_GAN_05,predicted_DCN_PM_GAN_05,PEHE_DCN_PM_GAN_PD,ATE_Metric_DCN_PM_GAN_PD,true_ATE_DCN_PM_GAN_PD,predicted_DCN_PM_GAN_PD,tarnet_PEHE,tarnet_ATE_metric,tarnet_true_ATE,tarnet_predicted_ATE,tarnet_pm_gan_PEHE,tarnet_pm_gan_ATE_metric,tarnet_pm_gan_true_ATE,tarnet_pm_gan_predicted_ATE
0,1,2.0303981307026633,0.1380394397384337,3.8927195298466675,4.03075896024704,1.7371533834715531,0.4415753217333145,3.8927195298466675,3.451144204934438,1.379484573486915,0.2674923217091547,3.8927195298466675,3.625227203369141,2.291185364096478,0.3260259570473023,3.8927195298466675,3.5666935698191327,1.9815006678022935,0.5426631610759682,3.8927195298466675,3.350056381225586,1.2201757661468657,0.1675786171151783,3.8927195298466675,3.7251409125328063,1.1899663750037477,0.008929379801592585,3.8927195298466675,3.901648896535238
