,iter_id,PEHE_DCN_PD,PEHE_DCN_PD_new,ATE_Metric_DCN_PD,true_ATE_DCN_PD,predicted_DCN_PD,PEHE_DCN_PD_02,PEHE_DCN_PD_02_new,ATE_Metric_DCN_PD_02,true_ATE_DCN_PD_02,predicted_DCN_PD_02,PEHE_DCN_PD_05,PEHE_DCN_PD_05_new,ATE_Metric_DCN_PD_05,true_ATE_DCN_PD_05,predicted_DCN_PD_05,PEHE_DCN_PM_GAN,PEHE_DCN_PM_GAN_new,ATE_Metric_DCN_PM_GAN,true_ATE_DCN_PM_GAN,predicted_DCN_PM_GAN,PEHE_DCN_PM_GAN_02,PEHE_DCN_PM_GAN_02_new,ATE_Metric_DCN_PM_GAN_02,true_ATE_DCN_PM_GAN_02,predicted_DCN_PM_GAN_02,PEHE_DCN_PM_GAN_05,PEHE_DCN_PM_GAN_05_new,ATE_Metric_DCN_PM_GAN_05,true_ATE_DCN_PM_GAN_05,predicted_DCN_PM_GAN_05,PEHE_DCN_PM_GAN_PD,PEHE_DCN_PM_GAN_PD_new,ATE_Metric_DCN_PM_GAN_PD,true_ATE_DCN_PM_GAN_PD,predicted_DCN_PM_GAN_PD,tarnet_PEHE,tarnet_PEHE_new,tarnet_ATE_metric,tarnet_true_ATE,tarnet_predicted_ATE,tarnet_pm_gan_PEHE,tarnet_pm_gan_PEHE_new,tarnet_pm_gan_ATE_metric,tarnet_pm_gan_true_ATE,tarnet_pm_gan_predicted_ATE
0,1,3.991239462851048,4.299114271438415,3.961614886876091,3.9392455942400004,-0.022369293483595055,4.297136950862224,4.573549285889246,4.283042887694408,3.9392455942400004,-0.3437972941001256,3.6515584447830025,3.9943895535782383,3.5967107427088116,3.9392455942400004,0.3425348483026028,3.7285418736288056,4.02494302509617,3.688582535432547,3.9392455942400004,0.25066305885712303,3.7143200767883764,4.018518055138753,3.6784898686376906,3.9392455942400004,0.2607557253042857,4.360021640930125,4.664560705278655,4.3321177562790805,3.9392455942400004,-0.3928721618403991,3.7148962380594486,4.006289961006873,3.6564377668840384,3.9392455942400004,0.28280782954146466,1.314339072106078,1.6810757377171646,0.4483951208027501,3.9392455942400004,4.3876407178243,1.241443726217372,1.5901969903206439,0.2860327896507884,3.9392455942400004,4.225278390248617
