,iter_id,PEHE_DCN_PD,PEHE_DCN_PD_new,ATE_Metric_DCN_PD,true_ATE_DCN_PD,predicted_DCN_PD,PEHE_DCN_PD_02,PEHE_DCN_PD_02_new,ATE_Metric_DCN_PD_02,true_ATE_DCN_PD_02,predicted_DCN_PD_02,PEHE_DCN_PD_05,PEHE_DCN_PD_05_new,ATE_Metric_DCN_PD_05,true_ATE_DCN_PD_05,predicted_DCN_PD_05,PEHE_DCN_PM_GAN,PEHE_DCN_PM_GAN_new,ATE_Metric_DCN_PM_GAN,true_ATE_DCN_PM_GAN,predicted_DCN_PM_GAN,PEHE_DCN_PM_GAN_02,PEHE_DCN_PM_GAN_02_new,ATE_Metric_DCN_PM_GAN_02,true_ATE_DCN_PM_GAN_02,predicted_DCN_PM_GAN_02,PEHE_DCN_PM_GAN_05,PEHE_DCN_PM_GAN_05_new,ATE_Metric_DCN_PM_GAN_05,true_ATE_DCN_PM_GAN_05,predicted_DCN_PM_GAN_05,PEHE_DCN_PM_GAN_PD,PEHE_DCN_PM_GAN_PD_new,ATE_Metric_DCN_PM_GAN_PD,true_ATE_DCN_PM_GAN_PD,predicted_DCN_PM_GAN_PD,tarnet_PEHE,tarnet_PEHE_new,tarnet_ATE_metric,tarnet_true_ATE,tarnet_predicted_ATE,tarnet_pm_gan_PEHE,tarnet_pm_gan_PEHE_new,tarnet_pm_gan_ATE_metric,tarnet_pm_gan_true_ATE,tarnet_pm_gan_predicted_ATE
0,1,1.6593879467175496,2.197597744160273,0.2373311335195032,4.145493457153333,3.908162317276001,1.7165933810863456,2.2105909682506173,0.44622344954301196,4.145493457153333,3.699270011583964,2.1368894112543306,2.727964242174362,0.682248559057606,4.145493457153333,3.4632448943456016,1.389385362963164,1.8018072718402485,0.5589604018478522,4.145493457153333,3.5865330521265664,1.5649664046446106,1.9634832331409322,0.32796400927989966,4.145493457153333,3.817529458204905,2.2577217896582495,2.7588174605432276,0.4546267038930383,4.145493457153333,3.690866760412852,1.8825271687222873,2.467557274660175,0.26429353419432333,4.145493457153333,3.881199923356374,1.2701559497774042,1.6543494744935008,0.353800675704969,4.145493457153333,3.79169277826945,1.4624122134576745,1.8361877445792854,0.9528598545341618,4.145493457153333,3.1926336113611855
