,iter_id,PEHE_DCN_PD,ATE_Metric_DCN_PD,true_ATE_DCN_PD,predicted_DCN_PD,PEHE_DCN_PM_GAN,ATE_Metric_DCN_PM_GAN,true_ATE_DCN_PM_GAN,predicted_DCN_PM_GAN,PEHE_DCN_PM_GAN_02,ATE_Metric_DCN_PM_GAN_02,true_ATE_DCN_PM_GAN_02,predicted_DCN_PM_GAN_02,PEHE_DCN_PM_GAN_05,ATE_Metric_DCN_PM_GAN_05,true_ATE_DCN_PM_GAN_05,predicted_DCN_PM_GAN_05
0,1,1.3861550074879987,0.11128182338249992,4.095517769986666,4.20679958820343,1.6358657160367898,0.0698469040947387,4.095517769986666,4.165364670753479,1.2817903294364816,0.06268845402625889,4.095517769986666,4.03282930692037,1.2094663481667312,0.06024962736594386,4.095517769986666,4.03526816368103
