,iter_id,PEHE_DCN_PD,ATE_Metric_DCN_PD,true_ATE_DCN_PD,predicted_DCN_PD,PEHE_DCN_PD_05,ATE_Metric_DCN_PD_05,true_ATE_DCN_PD_05,predicted_DCN_PD_05,PEHE_DCN_PM_GAN,ATE_Metric_DCN_PM_GAN,true_ATE_DCN_PM_GAN,predicted_DCN_PM_GAN,PEHE_DCN_PM_GAN_05,ATE_Metric_DCN_PM_GAN_05,true_ATE_DCN_PM_GAN_05,predicted_DCN_PM_GAN_05,PEHE_DCN_PM_GAN_PD,ATE_Metric_DCN_PM_GAN_PD,true_ATE_DCN_PM_GAN_PD,predicted_DCN_PM_GAN_PD,tarnet_PEHE,tarnet_ATE_metric,tarnet_true_ATE,tarnet_predicted_ATE,tarnet_pm_gan_PEHE,tarnet_pm_gan_ATE_metric,tarnet_pm_gan_true_ATE,tarnet_pm_gan_predicted_ATE
0,1,1.9084461990060875,0.021354144199933422,3.9534160879666644,4.039601519107818,1.88510476038893,0.5186074616355163,3.9534160879666644,3.5423482036590577,1.227536771606073,0.19481750943685183,3.9534160879666644,3.8661381498972576,2.2321310933971117,1.0344331623954037,3.9534160879666644,3.0265224997202553,1.9547862288989022,0.62614651062513,3.9534160879666644,3.4348091459274293,1.2136539961783683,0.32972207604273773,3.9534160879666644,3.7312335936228433,1.1543901377068175,0.14446970918202995,3.9534160879666644,3.916485948562622
