,iter_id,PEHE_DCN_PD,ATE_Metric_DCN_PD,true_ATE_DCN_PD,predicted_DCN_PD,PEHE_DCN_PD_02,ATE_Metric_DCN_PD_02,true_ATE_DCN_PD_02,predicted_DCN_PD_02,PEHE_DCN_PD_05,ATE_Metric_DCN_PD_05,true_ATE_DCN_PD_05,predicted_DCN_PD_05,PEHE_DCN_PM_GAN,ATE_Metric_DCN_PM_GAN,true_ATE_DCN_PM_GAN,predicted_DCN_PM_GAN,PEHE_DCN_PM_GAN_02,ATE_Metric_DCN_PM_GAN_02,true_ATE_DCN_PM_GAN_02,predicted_DCN_PM_GAN_02,PEHE_DCN_PM_GAN_05,ATE_Metric_DCN_PM_GAN_05,true_ATE_DCN_PM_GAN_05,predicted_DCN_PM_GAN_05,PEHE_DCN_PM_GAN_PD,ATE_Metric_DCN_PM_GAN_PD,true_ATE_DCN_PM_GAN_PD,predicted_DCN_PM_GAN_PD
0,1,2.059276693270975,0.12615169946119265,3.9745012379066678,3.84834952433904,1.5621141363190205,0.05806151465808229,3.9745012379066678,4.032562747001648,1.9431053685438424,0.18646754586463254,3.9745012379066678,3.7880337063471474,1.2876441004792776,0.2772139140344172,3.9745012379066678,3.6972873210906982,1.6034221814869205,0.23212517344718275,3.9745012379066678,3.742376055717468,2.29555745865545,0.5985363110280542,3.9745012379066678,3.375964925289154,2.1991325961878263,0.8229525735354928,3.9745012379066678,3.1515486709276836
