,iter_id,PEHE_DCN_PD,ATE_Metric_DCN_PD,true_ATE_DCN_PD,predicted_DCN_PD,PEHE_DCN_PD_05,ATE_Metric_DCN_PD_05,true_ATE_DCN_PD_05,predicted_DCN_PD_05,PEHE_DCN_PM_GAN,ATE_Metric_DCN_PM_GAN,true_ATE_DCN_PM_GAN,predicted_DCN_PM_GAN,PEHE_DCN_PM_GAN_05,ATE_Metric_DCN_PM_GAN_05,true_ATE_DCN_PM_GAN_05,predicted_DCN_PM_GAN_05,PEHE_DCN_PM_GAN_PD,ATE_Metric_DCN_PM_GAN_PD,true_ATE_DCN_PM_GAN_PD,predicted_DCN_PM_GAN_PD,tarnet_PEHE,tarnet_ATE_metric,tarnet_true_ATE,tarnet_predicted_ATE,tarnet_pm_gan_PEHE,tarnet_pm_gan_ATE_metric,tarnet_pm_gan_true_ATE,tarnet_pm_gan_predicted_ATE
0,1,1.8462871530506049,0.07305882050841284,4.123254458166666,4.196313314437866,2.256831434891167,0.5245294277444561,4.123254458166666,3.598725020090739,1.297777471473646,0.45484364396086097,4.123254458166666,3.668410832087199,2.123657023836285,0.7978335989092864,4.123254458166666,3.3254208596547445,2.0094253677047536,0.4506628444368719,4.123254458166666,3.67259162346522,1.2233207127660046,0.42034236794462565,4.123254458166666,3.7029120985666912,1.1304319567902519,0.29109583224605284,4.123254458166666,3.832158629099528
