,iter_id,PEHE_DCN_PD,PEHE_DCN_PD_new,ATE_Metric_DCN_PD,true_ATE_DCN_PD,predicted_DCN_PD,PEHE_DCN_PD_02,PEHE_DCN_PD_02_new,ATE_Metric_DCN_PD_02,true_ATE_DCN_PD_02,predicted_DCN_PD_02,PEHE_DCN_PD_05,PEHE_DCN_PD_05_new,ATE_Metric_DCN_PD_05,true_ATE_DCN_PD_05,predicted_DCN_PD_05,PEHE_DCN_PM_GAN,PEHE_DCN_PM_GAN_new,ATE_Metric_DCN_PM_GAN,true_ATE_DCN_PM_GAN,predicted_DCN_PM_GAN,PEHE_DCN_PM_GAN_02,PEHE_DCN_PM_GAN_02_new,ATE_Metric_DCN_PM_GAN_02,true_ATE_DCN_PM_GAN_02,predicted_DCN_PM_GAN_02,PEHE_DCN_PM_GAN_05,PEHE_DCN_PM_GAN_05_new,ATE_Metric_DCN_PM_GAN_05,true_ATE_DCN_PM_GAN_05,predicted_DCN_PM_GAN_05,PEHE_DCN_PM_GAN_PD,PEHE_DCN_PM_GAN_PD_new,ATE_Metric_DCN_PM_GAN_PD,true_ATE_DCN_PM_GAN_PD,predicted_DCN_PM_GAN_PD,tarnet_PEHE,tarnet_PEHE_new,tarnet_ATE_metric,tarnet_true_ATE,tarnet_predicted_ATE,tarnet_pm_gan_PEHE,tarnet_pm_gan_PEHE_new,tarnet_pm_gan_ATE_metric,tarnet_pm_gan_true_ATE,tarnet_pm_gan_predicted_ATE
0,1,1.7528267047048807,2.328943476303238,0.04554606419482088,4.010303867873333,3.964757790565491,1.563438672185074,1.9829788409099347,0.2400518765218882,4.010303867873333,3.7702520004908244,2.06497830089151,2.6444039516806925,0.391835280872169,4.010303867873333,3.6184685683250426,1.259434635286944,1.571442773058276,0.08045861861783532,4.010303867873333,3.9298452583948773,1.45155189044356,1.7852667360658783,0.11318099281865646,4.010303867873333,3.8971228861808775,2.211358800237845,2.713297473542978,0.2242752117085285,4.010303867873333,3.7860286513964336,1.7462878329329412,2.2478256738311524,0.7985437562235025,4.010303867873333,3.2117601092656454,1.6381503899730598,2.1478053154109387,0.12673248690047156,4.010303867873333,3.8835713958740232,1.1698414936371488,1.4607731542062758,0.2048527381650782,4.010303867873333,4.215156625111898
