,iter_id,PEHE_DCN_PD,ATE_Metric_DCN_PD,true_ATE_DCN_PD,predicted_DCN_PD,PEHE_DCN_PM_GAN,ATE_Metric_DCN_PM_GAN,true_ATE_DCN_PM_GAN,predicted_DCN_PM_GAN,PEHE_DCN_PM_GAN_02,ATE_Metric_DCN_PM_GAN_02,true_ATE_DCN_PM_GAN_02,predicted_DCN_PM_GAN_02,PEHE_DCN_PM_GAN_05,ATE_Metric_DCN_PM_GAN_05,true_ATE_DCN_PM_GAN_05,predicted_DCN_PM_GAN_05
0,1,1.5429468910265327,0.2528299044365929,3.9223711646799977,4.175201053619385,1.4928955897527563,0.22784682568955006,3.9223711646799977,3.694524326324463,1.2711269860376258,0.3052781374459226,3.9223711646799977,3.6170930274327597,1.149878652222095,0.03458078074408011,3.9223711646799977,3.956951959927877
