,iter_id,PEHE_DCN_PD,ATE_Metric_DCN_PD,true_ATE_DCN_PD,predicted_DCN_PD,PEHE_DCN_PD_05,ATE_Metric_DCN_PD_05,true_ATE_DCN_PD_05,predicted_DCN_PD_05,PEHE_DCN_PM_GAN,ATE_Metric_DCN_PM_GAN,true_ATE_DCN_PM_GAN,predicted_DCN_PM_GAN,PEHE_DCN_PM_GAN_05,ATE_Metric_DCN_PM_GAN_05,true_ATE_DCN_PM_GAN_05,predicted_DCN_PM_GAN_05,PEHE_DCN_PM_GAN_PD,ATE_Metric_DCN_PM_GAN_PD,true_ATE_DCN_PM_GAN_PD,predicted_DCN_PM_GAN_PD,tarnet_PEHE,tarnet_ATE_metric,tarnet_true_ATE,tarnet_predicted_ATE,tarnet_pm_gan_PEHE,tarnet_pm_gan_ATE_metric,tarnet_pm_gan_true_ATE,tarnet_pm_gan_predicted_ATE
0,1,1.4783354320033477,0.5067892642031211,3.96835050932667,3.4615612467130026,2.000139846622486,0.5007030082951087,3.96835050932667,3.4676474928855896,1.1444827241667337,0.1372032784630952,3.96835050932667,3.8311472225189207,1.9958520260372272,0.4886628543545899,3.96835050932667,3.4796876533826193,1.6469510176619497,0.42502472273609015,3.96835050932667,3.543325794537862,1.110085157824538,0.12192401019631838,3.96835050932667,4.090274537404378,1.106751550853091,0.12015492590368737,3.96835050932667,3.848195581436157
