,iter_id,PEHE_DCN_PD,ATE_Metric_DCN_PD,true_ATE_DCN_PD,predicted_DCN_PD,PEHE_DCN_PD_02,ATE_Metric_DCN_PD_02,true_ATE_DCN_PD_02,predicted_DCN_PD_02,PEHE_DCN_PD_05,ATE_Metric_DCN_PD_05,true_ATE_DCN_PD_05,predicted_DCN_PD_05,PEHE_DCN_PM_GAN,ATE_Metric_DCN_PM_GAN,true_ATE_DCN_PM_GAN,predicted_DCN_PM_GAN,PEHE_DCN_PM_GAN_02,ATE_Metric_DCN_PM_GAN_02,true_ATE_DCN_PM_GAN_02,predicted_DCN_PM_GAN_02,PEHE_DCN_PM_GAN_05,ATE_Metric_DCN_PM_GAN_05,true_ATE_DCN_PM_GAN_05,predicted_DCN_PM_GAN_05,PEHE_DCN_PM_GAN_PD,ATE_Metric_DCN_PM_GAN_PD,true_ATE_DCN_PM_GAN_PD,predicted_DCN_PM_GAN_PD
0,1,3.8234170615684464,3.7926092278446366,3.8567363800466645,0.06412715185433626,4.232659802494391,4.224396763219,3.8567363800466645,-0.36766038164496423,3.8771023585089144,3.8271984561161436,3.8567363800466645,0.02953792662670215,3.868784937164334,3.845973910737595,3.8567363800466645,0.010762469358742238,3.938675583236953,3.9229907167812796,3.8567363800466645,-0.06625433658560118,3.884831380326669,3.855540575042179,3.8567363800466645,0.0011958043277263642,3.9327891476463748,3.909731744203529,3.8567363800466645,-0.05299536476532618
