,iter_id,PEHE_DCN_PD,ATE_Metric_DCN_PD,true_ATE_DCN_PD,predicted_DCN_PD,PEHE_DCN_PD_05,ATE_Metric_DCN_PD_05,true_ATE_DCN_PD_05,predicted_DCN_PD_05,PEHE_DCN_PM_GAN,ATE_Metric_DCN_PM_GAN,true_ATE_DCN_PM_GAN,predicted_DCN_PM_GAN,PEHE_DCN_PM_GAN_05,ATE_Metric_DCN_PM_GAN_05,true_ATE_DCN_PM_GAN_05,predicted_DCN_PM_GAN_05,PEHE_DCN_PM_GAN_PD,ATE_Metric_DCN_PM_GAN_PD,true_ATE_DCN_PM_GAN_PD,predicted_DCN_PM_GAN_PD,tarnet_PEHE,tarnet_ATE_metric,tarnet_true_ATE,tarnet_predicted_ATE,tarnet_pm_gan_PEHE,tarnet_pm_gan_ATE_metric,tarnet_pm_gan_true_ATE,tarnet_pm_gan_predicted_ATE
0,1,1.871181024639518,0.03591970525827204,4.066806664906665,4.012948311169942,2.0828162446574403,0.45494681023206507,4.066806664906665,3.593921198050181,1.3163041043201422,0.03686095558252145,4.066806664906665,4.012007050514221,2.158523009362405,0.4238059928282718,4.066806664906665,3.6250620031356813,1.9988972737587452,0.32383770508216037,4.066806664906665,3.725030296643575,1.288070157305633,0.07755410673862917,4.066806664906665,3.971313896179199,1.1414634272970723,0.07544703202797809,4.066806664906665,4.124315028190613
