,iter_id,PEHE_DCN_PD,ATE_Metric_DCN_PD,true_ATE_DCN_PD,predicted_DCN_PD,PEHE_DCN_PM_GAN,ATE_Metric_DCN_PM_GAN,true_ATE_DCN_PM_GAN,predicted_DCN_PM_GAN,PEHE_DCN_PM_GAN_02,ATE_Metric_DCN_PM_GAN_02,true_ATE_DCN_PM_GAN_02,predicted_DCN_PM_GAN_02,PEHE_DCN_PM_GAN_05,ATE_Metric_DCN_PM_GAN_05,true_ATE_DCN_PM_GAN_05,predicted_DCN_PM_GAN_05
0,1,5.389762468185353,5.389762468185352,4.064492587219999,-1.3252698806921641,6.2769977316223855,6.2769977316223855,4.064492587219999,-2.212505145072937,6.509211736889012,6.509211736889012,4.064492587219999,-2.444719150861104,5.526272964473891,5.52627296447389,4.064492587219999,-1.4617803819974264
