,iter_id,PEHE_DCN_PD,PEHE_DCN_PD_new,ATE_Metric_DCN_PD,true_ATE_DCN_PD,predicted_DCN_PD,PEHE_DCN_PD_02,PEHE_DCN_PD_02_new,ATE_Metric_DCN_PD_02,true_ATE_DCN_PD_02,predicted_DCN_PD_02,PEHE_DCN_PD_05,PEHE_DCN_PD_05_new,ATE_Metric_DCN_PD_05,true_ATE_DCN_PD_05,predicted_DCN_PD_05,PEHE_DCN_PM_GAN,PEHE_DCN_PM_GAN_new,ATE_Metric_DCN_PM_GAN,true_ATE_DCN_PM_GAN,predicted_DCN_PM_GAN,PEHE_DCN_PM_GAN_02,PEHE_DCN_PM_GAN_02_new,ATE_Metric_DCN_PM_GAN_02,true_ATE_DCN_PM_GAN_02,predicted_DCN_PM_GAN_02,PEHE_DCN_PM_GAN_05,PEHE_DCN_PM_GAN_05_new,ATE_Metric_DCN_PM_GAN_05,true_ATE_DCN_PM_GAN_05,predicted_DCN_PM_GAN_05,PEHE_DCN_PM_GAN_PD,PEHE_DCN_PM_GAN_PD_new,ATE_Metric_DCN_PM_GAN_PD,true_ATE_DCN_PM_GAN_PD,predicted_DCN_PM_GAN_PD,tarnet_PEHE,tarnet_PEHE_new,tarnet_ATE_metric,tarnet_true_ATE,tarnet_predicted_ATE,tarnet_pm_gan_PEHE,tarnet_pm_gan_PEHE_new,tarnet_pm_gan_ATE_metric,tarnet_pm_gan_true_ATE,tarnet_pm_gan_predicted_ATE
0,1,1.6190342767508885,2.2127115491664786,0.22730029266017793,4.1565829126133345,3.929282609621684,1.555575585025474,1.9237352835586494,0.4314746972018293,4.1565829126133345,3.7251082181930544,2.096339317747144,2.638799866478874,0.4799294992381147,4.1565829126133345,3.676653417746226,1.140295560422307,1.4550115046227314,0.2862340986821863,4.1565829126133345,3.8703488063812257,1.4443829017198422,1.9009889840244056,0.8552182146006637,4.1565829126133345,3.3013647031784057,2.0834835632029742,2.5790072174263816,0.6491829836461758,4.1565829126133345,3.507399934132894,2.2414941086229176,2.7580866863514832,1.8889232242200586,4.1565829126133345,2.2676596943537395,1.407885135046041,1.888997046124218,0.1540731044703536,4.1565829126133345,4.002509811719259,1.1536512466228828,1.5085561172100763,0.09335800012884654,4.1565829126133345,4.063224919637045
