,iter_id,PEHE_DCN_PD,ATE_Metric_DCN_PD,true_ATE_DCN_PD,predicted_DCN_PD,PEHE_DCN_PD_02,ATE_Metric_DCN_PD_02,true_ATE_DCN_PD_02,predicted_DCN_PD_02,PEHE_DCN_PD_05,ATE_Metric_DCN_PD_05,true_ATE_DCN_PD_05,predicted_DCN_PD_05,PEHE_DCN_PM_GAN,ATE_Metric_DCN_PM_GAN,true_ATE_DCN_PM_GAN,predicted_DCN_PM_GAN,PEHE_DCN_PM_GAN_02,ATE_Metric_DCN_PM_GAN_02,true_ATE_DCN_PM_GAN_02,predicted_DCN_PM_GAN_02,PEHE_DCN_PM_GAN_05,ATE_Metric_DCN_PM_GAN_05,true_ATE_DCN_PM_GAN_05,predicted_DCN_PM_GAN_05,PEHE_DCN_PM_GAN_PD,ATE_Metric_DCN_PM_GAN_PD,true_ATE_DCN_PM_GAN_PD,predicted_DCN_PM_GAN_PD,tarnet_PEHE,tarnet_ATE_metric,tarnet_true_ATE,tarnet_predicted_ATE,tarnet_pm_gan_PEHE,tarnet_pm_gan_ATE_metric,tarnet_pm_gan_true_ATE,tarnet_pm_gan_predicted_ATE
0,0,1.5117318176436927,0.355291971388616,4.153108643713749,3.797816689809163,1.3855047712307587,0.1900754157932183,4.153108643713749,3.9630332231521606,1.9555546110990805,0.5752190693449557,4.153108643713749,3.577889575958252,1.117255521542892,0.0668210784824268,4.153108643713749,4.086287590662638,1.4310895183731804,0.09887030444856304,4.153108643713749,4.0542383416493735,2.378061141185131,0.5703957724801283,4.153108643713749,3.582712876001994,1.8690761842159467,0.2624136352769115,4.153108643713749,3.890695031483968,1.5609224053229684,0.1756537175408579,4.153108643713749,3.977454908688863,1.673609097973776,0.09188055775876602,4.153108643713749,4.061228071848552
