,iter_id,PEHE_DCN_PD,ATE_Metric_DCN_PD,true_ATE_DCN_PD,predicted_DCN_PD,PEHE_DCN_PD_02,ATE_Metric_DCN_PD_02,true_ATE_DCN_PD_02,predicted_DCN_PD_02,PEHE_DCN_PD_05,ATE_Metric_DCN_PD_05,true_ATE_DCN_PD_05,predicted_DCN_PD_05,PEHE_DCN_PM_GAN,ATE_Metric_DCN_PM_GAN,true_ATE_DCN_PM_GAN,predicted_DCN_PM_GAN,PEHE_DCN_PM_GAN_02,ATE_Metric_DCN_PM_GAN_02,true_ATE_DCN_PM_GAN_02,predicted_DCN_PM_GAN_02,PEHE_DCN_PM_GAN_05,ATE_Metric_DCN_PM_GAN_05,true_ATE_DCN_PM_GAN_05,predicted_DCN_PM_GAN_05,PEHE_DCN_PM_GAN_PD,ATE_Metric_DCN_PM_GAN_PD,true_ATE_DCN_PM_GAN_PD,predicted_DCN_PM_GAN_PD
0,0,1.2061773569183636,0.23066644909298217,4.153108643713749,3.9224421977996826,1.3618459447752085,0.22075098516857405,4.153108643713749,3.932357660929362,1.2649242481219076,0.07570364075585445,4.153108643713749,4.228812274932861,1.3308000455446465,0.051877127465449036,4.153108643713749,4.2049857680002845,1.3121917938155,0.013943538688776513,4.153108643713749,4.1391651280721025,1.4286383422610236,0.018916376408777857,4.153108643713749,4.172025016148885,1.3383550009845775,0.11611418328996326,4.153108643713749,4.036994466781616
