,iter_id,PEHE_DCN_PD,ATE_Metric_DCN_PD,true_ATE_DCN_PD,predicted_DCN_PD,PEHE_DCN_PM_GAN,ATE_Metric_DCN_PM_GAN,true_ATE_DCN_PM_GAN,predicted_DCN_PM_GAN,PEHE_DCN_PM_GAN_02,ATE_Metric_DCN_PM_GAN_02,true_ATE_DCN_PM_GAN_02,predicted_DCN_PM_GAN_02,PEHE_DCN_PM_GAN_05,ATE_Metric_DCN_PM_GAN_05,true_ATE_DCN_PM_GAN_05,predicted_DCN_PM_GAN_05
0,0,1.617144181127776,0.25285410719796264,4.153108643713749,4.405962740580241,1.4164623350929775,0.07759062605782585,4.153108643713749,4.2306992594401045,1.3630625146149378,0.39312919897154774,4.153108643713749,3.759979445139567,1.1465585810801773,0.014550180458186013,4.153108643713749,4.138558467229207
