,iter_id,PEHE_DCN_PD,ATE_Metric_DCN_PD,true_ATE_DCN_PD,predicted_DCN_PD,PEHE_DCN_PD_02,ATE_Metric_DCN_PD_02,true_ATE_DCN_PD_02,predicted_DCN_PD_02,PEHE_DCN_PD_05,ATE_Metric_DCN_PD_05,true_ATE_DCN_PD_05,predicted_DCN_PD_05,PEHE_DCN_PM_GAN,ATE_Metric_DCN_PM_GAN,true_ATE_DCN_PM_GAN,predicted_DCN_PM_GAN,PEHE_DCN_PM_GAN_02,ATE_Metric_DCN_PM_GAN_02,true_ATE_DCN_PM_GAN_02,predicted_DCN_PM_GAN_02,PEHE_DCN_PM_GAN_05,ATE_Metric_DCN_PM_GAN_05,true_ATE_DCN_PM_GAN_05,predicted_DCN_PM_GAN_05,PEHE_DCN_PM_GAN_PD,ATE_Metric_DCN_PM_GAN_PD,true_ATE_DCN_PM_GAN_PD,predicted_DCN_PM_GAN_PD
0,1,4.543662691611073,4.543662691611073,4.391624477373334,-0.1520382154919207,4.654316910770308,4.654316910770309,4.391624477373334,-0.2626924330492814,4.566003307269782,4.566003307269783,4.391624477373334,-0.17437883029381435,4.732988018782706,4.732988018782707,4.391624477373334,-0.34136354237794875,4.118581421549756,4.114807041924965,4.391624477373334,0.27681743502616885,4.353213376557471,4.342951052453887,4.391624477373334,0.04867342491944631,4.876506870678833,4.876506870678833,4.391624477373334,-0.484882394472758
