,iter_id,PEHE_DCN_PD,ATE_Metric_DCN_PD,true_ATE_DCN_PD,predicted_DCN_PD,PEHE_DCN_PD_05,ATE_Metric_DCN_PD_05,true_ATE_DCN_PD_05,predicted_DCN_PD_05,PEHE_DCN_PM_GAN,ATE_Metric_DCN_PM_GAN,true_ATE_DCN_PM_GAN,predicted_DCN_PM_GAN,PEHE_DCN_PM_GAN_05,ATE_Metric_DCN_PM_GAN_05,true_ATE_DCN_PM_GAN_05,predicted_DCN_PM_GAN_05,PEHE_DCN_PM_GAN_PD,ATE_Metric_DCN_PM_GAN_PD,true_ATE_DCN_PM_GAN_PD,predicted_DCN_PM_GAN_PD,tarnet_PEHE,tarnet_ATE_metric,tarnet_true_ATE,tarnet_predicted_ATE,tarnet_pm_gan_PEHE,tarnet_pm_gan_ATE_metric,tarnet_pm_gan_true_ATE,tarnet_pm_gan_predicted_ATE
0,1,1.7238562067395409,0.34271576047908336,4.155083236386668,4.497799002329509,2.1174895092683035,0.6546525358063873,4.155083236386668,3.5004307039578757,1.1730468149488245,0.15027971117723915,4.155083236386668,4.004803538322449,1.9329299591474032,0.4595965132020807,4.155083236386668,3.695486711661021,1.588645526713154,0.3183218146267426,4.155083236386668,3.8367614285151164,1.132620554011354,0.05912621250719852,4.155083236386668,4.21420946598053,1.0842818219240962,0.005209784418057417,4.155083236386668,4.160293006896973
