,iter_id,PEHE_DCN_PD,ATE_Metric_DCN_PD,true_ATE_DCN_PD,predicted_DCN_PD,PEHE_DCN_PM_GAN,ATE_Metric_DCN_PM_GAN,true_ATE_DCN_PM_GAN,predicted_DCN_PM_GAN
0,1,1.695127513091812,0.30082919275006326,4.168688582333334,3.86785938223203,1.1729515478004535,0.10134135897200025,4.168688582333334,4.067347232500712
