,iter_id,PEHE_DCN_PD,ATE_Metric_DCN_PD,true_ATE_DCN_PD,predicted_DCN_PD,PEHE_DCN_PD_02,ATE_Metric_DCN_PD_02,true_ATE_DCN_PD_02,predicted_DCN_PD_02,PEHE_DCN_PD_05,ATE_Metric_DCN_PD_05,true_ATE_DCN_PD_05,predicted_DCN_PD_05,PEHE_DCN_PM_GAN,ATE_Metric_DCN_PM_GAN,true_ATE_DCN_PM_GAN,predicted_DCN_PM_GAN,PEHE_DCN_PM_GAN_02,ATE_Metric_DCN_PM_GAN_02,true_ATE_DCN_PM_GAN_02,predicted_DCN_PM_GAN_02,PEHE_DCN_PM_GAN_05,ATE_Metric_DCN_PM_GAN_05,true_ATE_DCN_PM_GAN_05,predicted_DCN_PM_GAN_05,PEHE_DCN_PM_GAN_PD,ATE_Metric_DCN_PM_GAN_PD,true_ATE_DCN_PM_GAN_PD,predicted_DCN_PM_GAN_PD
0,0,1.7877878761383381,0.5358076691857554,4.153108643713749,3.617300968170166,1.457521077723901,0.2829224268825432,4.153108643713749,3.870186201731364,2.0075939848332074,0.737816882951218,4.153108643713749,3.4152917655309043,1.2181855359084133,0.18648929995612074,4.153108643713749,3.966619348526001,1.4379606275036068,0.419561111950038,4.153108643713749,3.7335475381215413,2.1042583461000812,0.6129526134562076,4.153108643713749,3.540156030654907,1.9067579110514385,1.1395370809467216,4.153108643713749,3.013571565945943
