,iter_id,PEHE_DCN_PD,ATE_Metric_DCN_PD,true_ATE_DCN_PD,predicted_DCN_PD,PEHE_DCN_PD_02,ATE_Metric_DCN_PD_02,true_ATE_DCN_PD_02,predicted_DCN_PD_02,PEHE_DCN_PD_05,ATE_Metric_DCN_PD_05,true_ATE_DCN_PD_05,predicted_DCN_PD_05,PEHE_DCN_PM_GAN,ATE_Metric_DCN_PM_GAN,true_ATE_DCN_PM_GAN,predicted_DCN_PM_GAN,PEHE_DCN_PM_GAN_02,ATE_Metric_DCN_PM_GAN_02,true_ATE_DCN_PM_GAN_02,predicted_DCN_PM_GAN_02,PEHE_DCN_PM_GAN_05,ATE_Metric_DCN_PM_GAN_05,true_ATE_DCN_PM_GAN_05,predicted_DCN_PM_GAN_05,PEHE_DCN_PM_GAN_PD,ATE_Metric_DCN_PM_GAN_PD,true_ATE_DCN_PM_GAN_PD,predicted_DCN_PM_GAN_PD
0,1,0.04736842105263158,0.0061403508771929825,-0.0061403508771929825,0.0,0.4486842105263158,0.2337719298245614,-0.0061403508771929825,-0.23991228070175438,0.5421052631578948,0.2824561403508772,-0.0061403508771929825,-0.2885964912280702,0.8907894736842106,0.8846491228070176,-0.0061403508771929825,-0.8907894736842106,0.18201754385964913,0.14868421052631578,-0.0061403508771929825,0.1425438596491228,0.6144736842105263,0.41535087719298247,-0.0061403508771929825,0.40921052631578947,0.05043859649122807,0.0030701754385964912,-0.0061403508771929825,-0.0030701754385964912
