,iter_id,PEHE_DCN_PD,ATE_Metric_DCN_PD,true_ATE_DCN_PD,predicted_DCN_PD,PEHE_DCN_PM_GAN,ATE_Metric_DCN_PM_GAN,true_ATE_DCN_PM_GAN,predicted_DCN_PM_GAN,PEHE_DCN_PM_GAN_02,ATE_Metric_DCN_PM_GAN_02,true_ATE_DCN_PM_GAN_02,predicted_DCN_PM_GAN_02,PEHE_DCN_PM_GAN_05,ATE_Metric_DCN_PM_GAN_05,true_ATE_DCN_PM_GAN_05,predicted_DCN_PM_GAN_05
0,1,0.3087719298245614,0.2710526315789473,-0.0061403508771929825,-0.2771929824561403,0.15394736842105264,0.10482456140350876,-0.0061403508771929825,-0.11096491228070175,0.980701754385965,0.9798245614035088,-0.0061403508771929825,0.9736842105263158,0.1793859649122807,0.1355263157894737,-0.0061403508771929825,0.12938596491228072
