,iter_id,PEHE_DCN_PD,ATE_Metric_DCN_PD,true_ATE_DCN_PD,predicted_DCN_PD,PEHE_DCN_PD_02,ATE_Metric_DCN_PD_02,true_ATE_DCN_PD_02,predicted_DCN_PD_02,PEHE_DCN_PD_05,ATE_Metric_DCN_PD_05,true_ATE_DCN_PD_05,predicted_DCN_PD_05,PEHE_DCN_PM_GAN,ATE_Metric_DCN_PM_GAN,true_ATE_DCN_PM_GAN,predicted_DCN_PM_GAN,PEHE_DCN_PM_GAN_02,ATE_Metric_DCN_PM_GAN_02,true_ATE_DCN_PM_GAN_02,predicted_DCN_PM_GAN_02,PEHE_DCN_PM_GAN_05,ATE_Metric_DCN_PM_GAN_05,true_ATE_DCN_PM_GAN_05,predicted_DCN_PM_GAN_05,PEHE_DCN_PM_GAN_PD,ATE_Metric_DCN_PM_GAN_PD,true_ATE_DCN_PM_GAN_PD,predicted_DCN_PM_GAN_PD
0,1,1.4335124064200406,0.10359360525803485,4.0762395454466684,4.179833149909973,1.367884186419999,0.2707489563048209,4.0762395454466684,3.805490600268046,1.835991257426775,0.49369376470847204,4.0762395454466684,3.582545771598816,1.1811208503347363,0.10923288276000065,4.0762395454466684,3.967006657918294,1.4841355747332423,0.2603013103227143,4.0762395454466684,3.815938229560852,2.0974265061556308,0.6215666322927005,4.0762395454466684,3.4546729063987733,1.4870977130517435,0.07734918723705686,4.0762395454466684,3.998890367348989
