,iter_id,dcn_pd_ate_pred,dcn_pd_att_pred,dcn_pd_bias_att,dcn_pd_atc_pred,dcn_pd_policy_value,dcn_pd_policy_risk,dcn_pd_err_fact,dcn_pd_05_ate_pred,dcn_pd_05_att_pred,dcn_pd_05_bias_att,dcn_pd_05_atc_pred,dcn_pd_05_policy_value,dcn_pd_05_policy_risk,dcn_pd_05_err_fact,dcn_pm_gan_ate_pred,dcn_pm_gan_att_pred,dcn_pm_gan_bias_att,dcn_pm_gan_atc_pred,dcn_pm_gan_policy_value,dcn_pm_gan_policy_risk,dcn_pm_gan_err_fact,dcn_pm_gan_05_att_pred,dcn_pm_gan_05_bias_att,dcn_pm_gan_05_atc_pred,dcn_pm_gan_05_policy_value,dcn_pm_gan_05_policy_risk,dcn_pm_gan_05_err_fact,dcn_pm_gan_pd_att_pred,dcn_pm_gan_pd_bias_att,dcn_pm_gan_pd_atc_pred,dcn_pm_gan_pd_policy_value,dcn_pm_gan_pd_policy_risk,dcn_pm_gan_pd_err_fact,tarnet_ate_pred,tarnet_att_pred,tarnet_bias_att,tarnet_atc_pred,tarnet_policy_value,tarnet_policy_risk,tarnet_err_fact,tarnet_pm_gan_ate_pred,tarnet_pm_gan_att_pred,tarnet_pm_gan_bias_att,tarnet_pm_gan_atc_pred,tarnet_pm_gan_policy_value,tarnet_pm_gan_policy_risk,tarnet_pm_gan_err_fact
0,0,0.0,0.0,0.09285714285714286,0.0,0.6904761904761905,0.30952380952380953,0.16199376947040497,-0.020833333333333332,0.0,0.09285714285714286,-0.03571428571428571,0.6926256613756614,0.3073743386243386,0.16510903426791276,-0.006944444444444444,0.13333333333333333,0.04047619047619047,-0.10714285714285714,0.6868386243386243,0.3131613756613757,0.16199376947040497,0.0,0.09285714285714286,0.0,0.6904761904761905,0.30952380952380953,0.16199376947040497,0.0,0.09285714285714286,0.0,0.6904761904761905,0.30952380952380953,0.16199376947040497,-0.034722222222222224,0.11666666666666667,0.023809523809523808,-0.14285714285714285,0.6846891534391534,0.3153108465608466,0.16199376947040497,-0.006944444444444444,0.11666666666666667,0.023809523809523808,-0.09523809523809523,0.6916335978835978,0.3083664021164022,0.16822429906542055
