,iter_id,dcn_pd_ate_pred,dcn_pd_att_pred,dcn_pd_bias_att,dcn_pd_atc_pred,dcn_pd_policy_value,dcn_pd_policy_risk,dcn_pd_err_fact,dcn_pd_02_ate_pred,dcn_pd_02_att_pred,dcn_pd_02_bias_att,dcn_pd_02_atc_pred,dcn_pd_02_policy_value,dcn_pd_02_policy_risk,dcn_pd_02_err_fact,dcn_pd_05_ate_pred,dcn_pd_05_att_pred,dcn_pd_05_bias_att,dcn_pd_05_atc_pred,dcn_pd_05_policy_value,dcn_pd_05_policy_risk,dcn_pd_05_err_fact,dcn_pm_gan_ate_pred,dcn_pm_gan_att_pred,dcn_pm_gan_bias_att,dcn_pm_gan_atc_pred,dcn_pm_gan_policy_value,dcn_pm_gan_policy_risk,dcn_pm_gan_err_fact,dcn_pm_gan_02_ate_pred,dcn_pm_gan_02_att_pred,dcn_pm_gan_02_bias_att,dcn_pm_gan_02_atc_pred,dcn_pm_gan_02_policy_value,dcn_pm_gan_02_policy_risk,dcn_pm_gan_02_err_fact,dcn_pm_gan_05_att_pred,dcn_pm_gan_05_bias_att,dcn_pm_gan_05_atc_pred,dcn_pm_gan_05_policy_value,dcn_pm_gan_05_policy_risk,dcn_pm_gan_05_err_fact,dcn_pm_gan_pd_att_pred,dcn_pm_gan_pd_bias_att,dcn_pm_gan_pd_atc_pred,dcn_pm_gan_pd_policy_value,dcn_pm_gan_pd_policy_risk,dcn_pm_gan_pd_err_fact
0,0,-0.14583333333333334,0.9666666666666667,0.8738095238095238,-0.9404761904761905,0.7232594169782578,0.2767405830217422,0.3115264797507788,0.0,0.08333333333333333,0.009523809523809532,-0.05952380952380952,0.6839657738095237,0.3160342261904763,0.470404984423676,-0.13194444444444445,0.4166666666666667,0.3238095238095238,-0.5238095238095238,0.7317510076130767,0.26824899238692335,0.29595015576323985,0.0,0.0,0.09285714285714286,0.0,0.6904761904761905,0.30952380952380953,0.16199376947040497,-0.013888888888888888,0.18333333333333332,0.09047619047619046,-0.15476190476190477,0.7198781059540553,0.2801218940459447,0.27258566978193144,-0.03333333333333333,0.1261904761904762,-0.011904761904761904,0.6662257495590829,0.33377425044091713,0.40809968847352024,0.7833333333333333,0.6904761904761905,-0.7261904761904762,0.7206837172538392,0.2793162827461608,0.4485981308411215
