,iter_id,dcn_pd_ate_pred,dcn_pd_att_pred,dcn_pd_bias_att,dcn_pd_atc_pred,dcn_pd_policy_value,dcn_pd_policy_risk,dcn_pd_err_fact,dcn_pd_02_ate_pred,dcn_pd_02_att_pred,dcn_pd_02_bias_att,dcn_pd_02_atc_pred,dcn_pd_02_policy_value,dcn_pd_02_policy_risk,dcn_pd_02_err_fact,dcn_pd_05_ate_pred,dcn_pd_05_att_pred,dcn_pd_05_bias_att,dcn_pd_05_atc_pred,dcn_pd_05_policy_value,dcn_pd_05_policy_risk,dcn_pd_05_err_fact,dcn_pm_gan_ate_pred,dcn_pm_gan_att_pred,dcn_pm_gan_bias_att,dcn_pm_gan_atc_pred,dcn_pm_gan_policy_value,dcn_pm_gan_policy_risk,dcn_pm_gan_err_fact,dcn_pm_gan_02_ate_pred,dcn_pm_gan_02_att_pred,dcn_pm_gan_02_bias_att,dcn_pm_gan_02_atc_pred,dcn_pm_gan_02_policy_value,dcn_pm_gan_02_policy_risk,dcn_pm_gan_02_err_fact,dcn_pm_gan_05_att_pred,dcn_pm_gan_05_bias_att,dcn_pm_gan_05_atc_pred,dcn_pm_gan_05_policy_value,dcn_pm_gan_05_policy_risk,dcn_pm_gan_05_err_fact,dcn_pm_gan_pd_att_pred,dcn_pm_gan_pd_bias_att,dcn_pm_gan_pd_atc_pred,dcn_pm_gan_pd_policy_value,dcn_pm_gan_pd_policy_risk,dcn_pm_gan_pd_err_fact,tarnet_ate_pred,tarnet_att_pred,tarnet_bias_att,tarnet_atc_pred,tarnet_policy_value,tarnet_policy_risk,tarnet_err_fact,tarnet_pm_gan_ate_pred,tarnet_pm_gan_att_pred,tarnet_pm_gan_bias_att,tarnet_pm_gan_atc_pred,tarnet_pm_gan_policy_value,tarnet_pm_gan_policy_risk,tarnet_pm_gan_err_fact
0,0,0.0,0.0,0.09285714285714286,0.0,0.6904761904761905,0.30952380952380953,0.16355140186915887,-0.020833333333333332,0.2,0.10714285714285715,-0.17857142857142858,0.6815476190476191,0.31845238095238093,0.16199376947040497,-0.006944444444444444,-0.016666666666666666,0.10952380952380952,0.0,0.6904761904761905,0.30952380952380953,0.16355140186915887,0.0,0.0,0.09285714285714286,0.0,0.6904761904761905,0.30952380952380953,0.16199376947040497,-0.0625,0.15,0.057142857142857134,-0.21428571428571427,0.6889880952380952,0.31101190476190477,0.16199376947040497,0.11666666666666667,0.023809523809523808,-0.09523809523809523,0.6846891534391534,0.3153108465608466,0.16199376947040497,0.0,0.09285714285714286,0.0,0.6904761904761905,0.30952380952380953,0.16199376947040497,0.013888888888888888,0.13333333333333333,0.04047619047619047,-0.07142857142857142,0.7112847222222223,0.2887152777777777,0.16355140186915887,0.020833333333333332,0.03333333333333333,0.05952380952380953,0.011904761904761904,0.6963141025641026,0.30368589743589736,0.17445482866043613
