,iter_id,dcn_pd_ate_pred,dcn_pd_att_pred,dcn_pd_bias_att,dcn_pd_atc_pred,dcn_pd_policy_value,dcn_pd_policy_risk,dcn_pd_err_fact,dcn_pd_02_ate_pred,dcn_pd_02_att_pred,dcn_pd_02_bias_att,dcn_pd_02_atc_pred,dcn_pd_02_policy_value,dcn_pd_02_policy_risk,dcn_pd_02_err_fact,dcn_pd_05_ate_pred,dcn_pd_05_att_pred,dcn_pd_05_bias_att,dcn_pd_05_atc_pred,dcn_pd_05_policy_value,dcn_pd_05_policy_risk,dcn_pd_05_err_fact,dcn_pm_gan_ate_pred,dcn_pm_gan_att_pred,dcn_pm_gan_bias_att,dcn_pm_gan_atc_pred,dcn_pm_gan_policy_value,dcn_pm_gan_policy_risk,dcn_pm_gan_err_fact,dcn_pm_gan_02_ate_pred,dcn_pm_gan_02_att_pred,dcn_pm_gan_02_bias_att,dcn_pm_gan_02_atc_pred,dcn_pm_gan_02_policy_value,dcn_pm_gan_02_policy_risk,dcn_pm_gan_02_err_fact,dcn_pm_gan_05_att_pred,dcn_pm_gan_05_bias_att,dcn_pm_gan_05_atc_pred,dcn_pm_gan_05_policy_value,dcn_pm_gan_05_policy_risk,dcn_pm_gan_05_err_fact,dcn_pm_gan_pd_att_pred,dcn_pm_gan_pd_bias_att,dcn_pm_gan_pd_atc_pred,dcn_pm_gan_pd_policy_value,dcn_pm_gan_pd_policy_risk,dcn_pm_gan_pd_err_fact,tarnet_ate_pred,tarnet_att_pred,tarnet_bias_att,tarnet_atc_pred,tarnet_policy_value,tarnet_policy_risk,tarnet_err_fact,tarnet_pm_gan_ate_pred,tarnet_pm_gan_att_pred,tarnet_pm_gan_bias_att,tarnet_pm_gan_atc_pred,tarnet_pm_gan_policy_value,tarnet_pm_gan_policy_risk,tarnet_pm_gan_err_fact
0,0,-0.1527777777777778,0.9333333333333333,0.8404761904761905,-0.9285714285714286,0.7205687830687831,0.27943121693121686,0.1838006230529595,0.0,0.0,0.09285714285714286,0.0,0.6904761904761905,0.30952380952380953,0.16199376947040497,0.06944444444444445,0.0,0.09285714285714286,0.11904761904761904,0.7133751902587518,0.28662480974124815,0.2538940809968847,0.0,0.0,0.09285714285714286,0.0,0.6904761904761905,0.30952380952380953,0.16199376947040497,0.0,0.0,0.09285714285714286,0.0,0.6904761904761905,0.30952380952380953,0.16199376947040497,0.18333333333333332,0.09047619047619046,-0.11904761904761904,0.6935925520262869,0.3064074479737131,0.16199376947040497,0.05,0.04285714285714286,-0.09523809523809523,0.6861892012494422,0.31381079875055784,0.19781931464174454,0.04861111111111111,0.016666666666666666,0.0761904761904762,0.07142857142857142,0.7215099715099715,0.27849002849002846,0.16666666666666666,-0.013888888888888888,0.18333333333333332,0.09047619047619046,-0.15476190476190477,0.6863425925925927,0.31365740740740733,0.16199376947040497
