,iter_id,dcn_pd_ate_pred,dcn_pd_att_pred,dcn_pd_bias_att,dcn_pd_atc_pred,dcn_pd_policy_value,dcn_pd_policy_risk,dcn_pd_err_fact,dcn_pd_02_ate_pred,dcn_pd_02_att_pred,dcn_pd_02_bias_att,dcn_pd_02_atc_pred,dcn_pd_02_policy_value,dcn_pd_02_policy_risk,dcn_pd_02_err_fact,dcn_pd_05_ate_pred,dcn_pd_05_att_pred,dcn_pd_05_bias_att,dcn_pd_05_atc_pred,dcn_pd_05_policy_value,dcn_pd_05_policy_risk,dcn_pd_05_err_fact,dcn_pm_gan_ate_pred,dcn_pm_gan_att_pred,dcn_pm_gan_bias_att,dcn_pm_gan_atc_pred,dcn_pm_gan_policy_value,dcn_pm_gan_policy_risk,dcn_pm_gan_err_fact,dcn_pm_gan_02_ate_pred,dcn_pm_gan_02_att_pred,dcn_pm_gan_02_bias_att,dcn_pm_gan_02_atc_pred,dcn_pm_gan_02_policy_value,dcn_pm_gan_02_policy_risk,dcn_pm_gan_02_err_fact,dcn_pm_gan_05_att_pred,dcn_pm_gan_05_bias_att,dcn_pm_gan_05_atc_pred,dcn_pm_gan_05_policy_value,dcn_pm_gan_05_policy_risk,dcn_pm_gan_05_err_fact,dcn_pm_gan_pd_att_pred,dcn_pm_gan_pd_bias_att,dcn_pm_gan_pd_atc_pred,dcn_pm_gan_pd_policy_value,dcn_pm_gan_pd_policy_risk,dcn_pm_gan_pd_err_fact,tarnet_ate_pred,tarnet_att_pred,tarnet_bias_att,tarnet_atc_pred,tarnet_policy_value,tarnet_policy_risk,tarnet_err_fact,tarnet_pm_gan_ate_pred,tarnet_pm_gan_att_pred,tarnet_pm_gan_bias_att,tarnet_pm_gan_atc_pred,tarnet_pm_gan_policy_value,tarnet_pm_gan_policy_risk,tarnet_pm_gan_err_fact
0,0,-0.05555555555555555,0.4166666666666667,0.3238095238095238,-0.39285714285714285,0.7297865853658536,0.2702134146341464,0.2523364485981308,-0.034722222222222224,0.35,0.2571428571428571,-0.30952380952380953,0.7094340844340845,0.2905659155659155,0.2071651090342679,0.013888888888888888,0.2833333333333333,0.19047619047619047,-0.17857142857142858,0.6918981481481481,0.3081018518518519,0.30062305295950154,-0.04861111111111111,0.3333333333333333,0.24047619047619045,-0.32142857142857145,0.7126322751322752,0.28736772486772477,0.16510903426791276,-0.09027777777777778,0.31666666666666665,0.2238095238095238,-0.38095238095238093,0.6845100308641976,0.3154899691358024,0.21651090342679127,0.06666666666666667,0.026190476190476195,-0.13095238095238096,0.7000000000000001,0.29999999999999993,0.2897196261682243,0.4,0.30714285714285716,-0.32142857142857145,0.7149187025881303,0.2850812974118697,0.2897196261682243,-0.013888888888888888,0.13333333333333333,0.04047619047619047,-0.11904761904761904,0.6937830687830687,0.3062169312169313,0.16199376947040497,-0.006944444444444444,0.13333333333333333,0.04047619047619047,-0.10714285714285714,0.6868386243386243,0.3131613756613757,0.16199376947040497
