,iter_id,dcn_pd_ate_pred,dcn_pd_att_pred,dcn_pd_bias_att,dcn_pd_atc_pred,dcn_pd_policy_value,dcn_pd_policy_risk,dcn_pd_err_fact,dcn_pd_02_ate_pred,dcn_pd_02_att_pred,dcn_pd_02_bias_att,dcn_pd_02_atc_pred,dcn_pd_02_policy_value,dcn_pd_02_policy_risk,dcn_pd_02_err_fact,dcn_pd_05_ate_pred,dcn_pd_05_att_pred,dcn_pd_05_bias_att,dcn_pd_05_atc_pred,dcn_pd_05_policy_value,dcn_pd_05_policy_risk,dcn_pd_05_err_fact,dcn_pm_gan_ate_pred,dcn_pm_gan_att_pred,dcn_pm_gan_bias_att,dcn_pm_gan_atc_pred,dcn_pm_gan_policy_value,dcn_pm_gan_policy_risk,dcn_pm_gan_err_fact,dcn_pm_gan_02_ate_pred,dcn_pm_gan_02_att_pred,dcn_pm_gan_02_bias_att,dcn_pm_gan_02_atc_pred,dcn_pm_gan_02_policy_value,dcn_pm_gan_02_policy_risk,dcn_pm_gan_02_err_fact,dcn_pm_gan_05_att_pred,dcn_pm_gan_05_bias_att,dcn_pm_gan_05_atc_pred,dcn_pm_gan_05_policy_value,dcn_pm_gan_05_policy_risk,dcn_pm_gan_05_err_fact,dcn_pm_gan_pd_att_pred,dcn_pm_gan_pd_bias_att,dcn_pm_gan_pd_atc_pred,dcn_pm_gan_pd_policy_value,dcn_pm_gan_pd_policy_risk,dcn_pm_gan_pd_err_fact,tarnet_ate_pred,tarnet_att_pred,tarnet_bias_att,tarnet_atc_pred,tarnet_policy_value,tarnet_policy_risk,tarnet_err_fact,tarnet_pm_gan_ate_pred,tarnet_pm_gan_att_pred,tarnet_pm_gan_bias_att,tarnet_pm_gan_atc_pred,tarnet_pm_gan_policy_value,tarnet_pm_gan_policy_risk,tarnet_pm_gan_err_fact
0,0,0.0,0.0,0.09285714285714286,0.0,0.6904761904761905,0.30952380952380953,0.16355140186915887,-0.04861111111111111,0.18333333333333332,0.09047619047619046,-0.21428571428571427,0.6793981481481481,0.32060185185185186,0.16199376947040497,0.006944444444444444,0.03333333333333333,0.05952380952380953,-0.011904761904761904,0.6828564257028111,0.31714357429718887,0.16510903426791276,0.0,0.0,0.09285714285714286,0.0,0.6904761904761905,0.30952380952380953,0.16199376947040497,0.0,0.0,0.09285714285714286,0.0,0.6904761904761905,0.30952380952380953,0.16199376947040497,0.016666666666666666,0.0761904761904762,-0.011904761904761904,0.685681216931217,0.314318783068783,0.16199376947040497,0.0,0.09285714285714286,0.0,0.6904761904761905,0.30952380952380953,0.16199376947040497,-0.0625,0.15,0.057142857142857134,-0.21428571428571427,0.6820436507936508,0.3179563492063492,0.16199376947040497,-0.027777777777777776,0.05,0.04285714285714286,-0.08333333333333333,0.6851851851851851,0.3148148148148149,0.1791277258566978
