,iter_id,dcn_pd_ate_pred,dcn_pd_att_pred,dcn_pd_bias_att,dcn_pd_atc_pred,dcn_pd_policy_value,dcn_pd_policy_risk,dcn_pd_err_fact,dcn_pd_02_ate_pred,dcn_pd_02_att_pred,dcn_pd_02_bias_att,dcn_pd_02_atc_pred,dcn_pd_02_policy_value,dcn_pd_02_policy_risk,dcn_pd_02_err_fact,dcn_pd_05_ate_pred,dcn_pd_05_att_pred,dcn_pd_05_bias_att,dcn_pd_05_atc_pred,dcn_pd_05_policy_value,dcn_pd_05_policy_risk,dcn_pd_05_err_fact,dcn_pm_gan_ate_pred,dcn_pm_gan_att_pred,dcn_pm_gan_bias_att,dcn_pm_gan_atc_pred,dcn_pm_gan_policy_value,dcn_pm_gan_policy_risk,dcn_pm_gan_err_fact,dcn_pm_gan_02_ate_pred,dcn_pm_gan_02_att_pred,dcn_pm_gan_02_bias_att,dcn_pm_gan_02_atc_pred,dcn_pm_gan_02_policy_value,dcn_pm_gan_02_policy_risk,dcn_pm_gan_02_err_fact,dcn_pm_gan_05_att_pred,dcn_pm_gan_05_bias_att,dcn_pm_gan_05_atc_pred,dcn_pm_gan_05_policy_value,dcn_pm_gan_05_policy_risk,dcn_pm_gan_05_err_fact,dcn_pm_gan_pd_att_pred,dcn_pm_gan_pd_bias_att,dcn_pm_gan_pd_atc_pred,dcn_pm_gan_pd_policy_value,dcn_pm_gan_pd_policy_risk,dcn_pm_gan_pd_err_fact,tarnet_ate_pred,tarnet_att_pred,tarnet_bias_att,tarnet_atc_pred,tarnet_policy_value,tarnet_policy_risk,tarnet_err_fact,tarnet_pm_gan_ate_pred,tarnet_pm_gan_att_pred,tarnet_pm_gan_bias_att,tarnet_pm_gan_atc_pred,tarnet_pm_gan_policy_value,tarnet_pm_gan_policy_risk,tarnet_pm_gan_err_fact
0,0,0.0,0.0,0.09285714285714286,0.0,0.6904761904761905,0.30952380952380953,0.16355140186915887,-0.013888888888888888,0.18333333333333332,0.09047619047619046,-0.15476190476190477,0.6863425925925927,0.31365740740740733,0.16199376947040497,-0.006944444444444444,0.016666666666666666,0.0761904761904762,-0.023809523809523808,0.6926256613756614,0.3073743386243386,0.16199376947040497,0.0,0.0,0.09285714285714286,0.0,0.6904761904761905,0.30952380952380953,0.16199376947040497,0.0,0.0,0.09285714285714286,0.0,0.6904761904761905,0.30952380952380953,0.16199376947040497,-0.08333333333333333,0.17619047619047618,0.11904761904761904,0.6705669710806698,0.32943302891933024,0.21806853582554517,0.0,0.09285714285714286,0.011904761904761904,0.6819779116465864,0.3180220883534136,0.17445482866043613,-0.006944444444444444,0.11666666666666667,0.023809523809523808,-0.09523809523809523,0.6933309892170652,0.30666901078293485,0.19003115264797507,0.0,0.016666666666666666,0.0761904761904762,-0.011904761904761904,0.6859217171717172,0.31407828282828276,0.17445482866043613
